{
  "entities": [
    {
      "name": "HelloCube",
      "components": {
        "Transform": {
          "position": [
            0,
            0,
            0
          ],
          "rotation": [
            0,
            0,
            0
          ],
          "scale": [
            1,
            1,
            1
          ]
        },
        "Renderable": {
          "mesh": "builtin:cube",
          "material": "builtin:default_red"
        }
      }
    }
  ]
}
